Date,AMZN,DPZ,BTC,NFLX
5/1/2013,248.229996,51.190983,106.25,30.415714
5/2/2013,252.550003,51.98732,98.099998,30.641428
5/3/2013,258.049988,52.446388,112.900002,30.492857
5/6/2013,255.720001,53.205257,109.599998,30.098572
5/7/2013,257.730011,54.151505,113.199997,29.464285
5/8/2013,258.679993,54.385727,112.800003,29.801428
5/9/2013,260.160004,54.02034,117.699997,30.915714
5/10/2013,263.630005,54.35762,115.639999,31.098572
5/13/2013,264.51001,54.573097,111.400002,32.76857
5/14/2013,268.329987,55.275757,114.220001,33.424286
5/15/2013,266.559998,54.001606,118.209999,34.771427
5/16/2013,264.119995,53.364532,123.5,33.861427
5/17/2013,269.899994,53.93602,123.209999,34.142857
5/20/2013,267.630005,53.139683,122.889999,34.221428
5/21/2013,268.859985,53.355167,123.800003,33.869999
5/22/2013,262.959991,53.036613,126.300003,32.651428
5/23/2013,261.799988,55.472504,133.100006,32.311428
5/24/2013,261.73999,55.013439,131.990005,32.677143
5/28/2013,267.290009,55.894104,132.25,30.598572
5/29/2013,265.529999,55.538086,128.800003,30.762857
5/30/2013,266.829987,56.015888,128.820007,31.808571
5/31/2013,269.200012,55.528717,129.300003,32.32143
6/3/2013,266.880005,55.95031,121.400002,31.709999
6/4/2013,265.700012,56.381283,121.900002,32.187141
6/5/2013,267.170013,54.666786,118.970001,31.922857
6/6/2013,267.829987,55.697353,111,31.105715
6/7/2013,276.869995,56.70919,107.889999,31.459999
6/10/2013,281.070007,56.887188,109,31.561428
6/11/2013,274.779999,56.025265,108.779999,30.637142
6/12/2013,271.670013,55.865456,103.949997,29.662857
6/13/2013,275.790009,56.420074,100,30.77
6/14/2013,273.98999,56.015854,99.800003,30.57
6/17/2013,278.059998,55.97826,107.349998,32.747143
6/18/2013,281.76001,56.814877,108.25,32.689999
6/19/2013,278.160004,56.185055,111.290001,33.187141
6/20/2013,273.440002,54.079426,109.5,31.931429
6/21/2013,273.359985,54.051205,108.199997,30.985714
6/24/2013,270.609985,53.590603,103.330002,30.799999
6/25/2013,272.089996,54.117012,104,30.414286
6/26/2013,277.570007,54.229813,101.739998,30.299999
6/27/2013,277.549988,55.273243,94.660004,30.709999
6/28/2013,277.690002,54.662239,95,30.155714
7/1/2013,282.100006,56.316673,90.410004,32.040001
7/2/2013,283.730011,56.532871,78.889999,31.637142
7/3/2013,284.029999,56.61747,80.040001,31.558571
7/5/2013,285.880005,57.350689,69.660004,32.157143
7/8/2013,290.589996,57.510494,76.699997,33.299999
7/9/2013,291.529999,58.412918,88,35.34
7/10/2013,292.329987,58.50692,88.980003,34.831429
7/11/2013,299.660004,59.221333,93.989998,34.881428
7/12/2013,307.549988,59.53154,98.32,36.751427
7/15/2013,306.570007,59.794746,97.099998,36.854286
7/16/2013,306.869995,59.371735,98.5,37.21143
7/17/2013,308.690002,59.26833,90.07,38.274284
7/18/2013,304.109985,60.114349,92,38.058571
7/19/2013,305.230011,59.76656,89.82,37.797142
7/22/2013,303.480011,59.794746,95.559998,37.422855
7/23/2013,301.059998,55.865456,95.089996,35.751427
7/24/2013,298.940002,57.350689,96.949997,34.471428
7/25/2013,303.399994,57.811306,96.019997,35.248573
7/26/2013,312.01001,58.619724,94.400002,35.187141
7/29/2013,306.100006,58.16851,107.959999,34.994286
7/30/2013,302.410004,58.403507,106.209999,34.822857
7/31/2013,301.220001,58.826527,104,34.925713
8/1/2013,305.570007,59.982754,104.5,35.58857
8/2/2013,304.209991,59.362339,104.949997,35.168571
8/5/2013,300.98999,60.161346,106.559998,36.262856
8/6/2013,300.75,59.174328,105.989998,36.557144
8/7/2013,296.910004,58.75132,103.050003,35.601429
8/8/2013,295.73999,58.939327,102.800003,35.771427
8/9/2013,297.26001,59.005135,103,36.107143
8/12/2013,296.690002,58.666714,109.599998,36.657143
8/13/2013,293.970001,58.394115,112.559998,37.027142
8/14/2013,291.339996,58.74192,109.989998,37.401428
8/15/2013,286.470001,57.905304,108.989998,36.201427
8/16/2013,284.820007,57.773697,112.75,36.98143
8/19/2013,285.570007,57.369492,121.199997,37.111427
8/20/2013,287.089996,58.196709,123.300003,39.041428
8/21/2013,284.570007,57.811306,122,38.624287
8/22/2013,289.730011,58.817127,118.510002,38.535713
8/23/2013,290.01001,58.488117,119.599998,39.765713
8/26/2013,286.209991,58.159103,131.289993,40.388573
8/27/2013,280.929993,57.491695,128.759995,39.434284
8/28/2013,281.579987,58.093307,129.300003,40.48
8/29/2013,283.980011,58.328316,138.029999,41.121429
8/30/2013,280.980011,57.754902,141,40.558571
9/3/2013,288.799988,57.773697,132.509995,41.285713
9/4/2013,293.640015,58.403507,130.199997,41.775715
9/5/2013,294.100006,58.365906,121.900002,42.158573
9/6/2013,295.859985,57.886501,128.990005,41.648571
9/9/2013,299.709991,59.25893,132.619995,42.021427
9/10/2013,300.359985,60.81937,142.100006,44.722858
9/11/2013,299.640015,61.139969,139.350006,44.042858
9/12/2013,298.859985,61.526569,140.660004,43.058571
9/13/2013,297.920013,62.34692,136.710007,43.664288
9/16/2013,296.059998,62.478928,139.149994,43.165714
9/17/2013,304.170013,63.044697,140.410004,42.792858
9/18/2013,312.029999,63.440723,135.050003,43.845715
9/19/2013,312.059998,63.761326,133.809998,43.642857
9/20/2013,316.339996,62.931549,134.380005,44.832859
9/23/2013,311.48999,63.157848,134.779999,43.148571
9/24/2013,314.130005,63.469017,135,43.784286
9/25/2013,312.649994,63.072983,137.100006,43.877144
9/26/2013,318.119995,63.789608,138.929993,44.787144
9/27/2013,316.01001,63.695332,142.5,44.628571
9/30/2013,312.640015,64.07251,140.300003,44.172855
10/1/2013,320.950012,65.55291,123,46.374287
10/2/2013,320.51001,65.656624,130.990005,47.247143
10/3/2013,314.76001,64.440239,136.820007,45.959999
10/4/2013,319.040009,64.807991,136.699997,46.751427
10/7/2013,310.029999,64.459106,136.490005,45.451427
10/8/2013,303.230011,63.582165,139.5,43.188572
10/9/2013,298.230011,62.790096,140.410004,41.204285
10/10/2013,305.170013,63.346451,140.100006,43.427143
10/11/2013,310.890015,64.459106,142.889999,42.978573
10/14/2013,310.700012,64.921143,158.089996,46.337143
10/15/2013,306.399994,61.196548,152.820007,45.955715
10/16/2013,310.48999,62.856117,157.589996,46.125713
10/17/2013,310.769989,62.827831,168.279999,47.157143
10/18/2013,328.929993,63.223888,183.149994,47.642857
10/21/2013,326.440002,63.157848,202.990005,50.712856
10/22/2013,332.540009,63.374718,227.970001,46.074287
10/23/2013,326.76001,62.563797,206.979996,47.177143
10/24/2013,332.209991,63.54446,197.880005,47.317142
10/25/2013,363.390015,63.657604,188.559998,46.861427
10/28/2013,358.160004,63.770752,206.899994,44.857143
10/29/2013,362.700012,64.459106,216,46.757141
10/30/2013,361.079987,63.997063,208,45.44857
10/31/2013,364.029999,63.233269,211.169998,46.068573
11/1/2013,359,63.072983,213.429993,47.03857
11/4/2013,358.73999,63.270996,238.160004,48.228573
11/5/2013,358.890015,64.129082,251.300003,48.785713
11/6/2013,356.179993,64.053642,264.100006,47.947144
11/7/2013,343.559998,62.893829,309.649994,46.694286
11/8/2013,350.309998,63.742489,355,47.842857
11/11/2013,354.380005,63.940491,362.980011,48.272858
11/12/2013,349.529999,64.534546,380.040009,47.675713
11/13/2013,356.220001,65.260582,434.850006,47.897144
11/14/2013,367.399994,65.270035,433.399994,48.938572
11/15/2013,369.170013,64.911713,433.920013,49.965714
11/18/2013,366.179993,63.997063,785.429993,48.824287
11/19/2013,364.940002,63.799042,645.690002,48.184284
11/20/2013,362.570007,64.110199,637.969971,48.502857
11/21/2013,368.920013,65.204048,764.909973,49.785713
11/22/2013,372.309998,65.769783,802,49.692856
11/25/2013,376.640015,65.55291,829.98999,50.034286
11/26/2013,381.369995,65.439758,969.960022,50.742859
11/27/2013,386.709991,65.354889,1079.890015,51.784286
11/29/2013,393.619995,65.185158,1206.930054,52.257141
12/2/2013,392.299988,64.657112,1096.560059,51.988571
12/3/2013,384.660004,64.345947,1154.859985,51.848572
12/4/2013,385.959991,64.789124,1237.550049,50.895714
12/5/2013,384.48999,65.354889,1106.349976,51.151428
12/6/2013,386.950012,65.79808,845.02002,50.634285
12/9/2013,384.890015,66.590141,918.950012,50.810001
12/10/2013,387.779999,65.760361,1033.719971,51.871429
12/11/2013,382.190002,65.268616,919.929993,51.997143
12/12/2013,381.25,65.278084,899.97998,53.332859
12/13/2013,384.23999,65.429375,936.77002,52.709999
12/16/2013,388.970001,65.732018,759.919983,52.330002
12/17/2013,387.649994,65.741447,714.969971,53.552856
12/18/2013,395.959991,66.157532,540.97998,53.748573
12/19/2013,395.190002,64.94709,731.950012,53.82
12/20/2013,402.200012,65.202393,649.960022,53.667141
12/23/2013,402.920013,65.892746,713.23999,54.368572
12/24/2013,399.200012,66.062965,702.75,54.055714
12/26/2013,404.390015,66.838394,801.97998,53.847141
12/27/2013,398.079987,66.384476,803.049988,52.5
12/30/2013,393.369995,66.119705,804.830017,52.427143
12/31/2013,398.790009,65.864372,805.940002,52.595715
1/2/2014,397.970001,65.192986,856.909973,51.831429
1/3/2014,396.440002,65.23082,884.26001,51.871429
1/6/2014,393.630005,65.344261,1012.650024,51.367142
1/7/2014,398.029999,65.88327,879.900024,48.5
1/8/2014,401.920013,65.987312,938.840027,48.712856
1/9/2014,401.01001,66.460144,936.950012,48.150002
1/10/2014,397.660004,67.339592,957.76001,47.44857
1/13/2014,390.980011,67.093712,922.909973,48.115715
1/14/2014,397.540009,67.141006,919.280029,48.279999
1/15/2014,395.869995,67.339592,941.219971,47.197144
1/16/2014,395.799988,67.216675,913.48999,47.382858
1/17/2014,399.609985,67.755646,894.159973,47.148571
1/21/2014,407.049988,68.096123,962.210022,46.958572
1/22/2014,404.540009,69.401108,950.950012,47.675713
1/23/2014,399.869995,68.890442,944.159973,55.531429
1/24/2014,387.600006,67.311211,916.549988,55.154285
1/27/2014,386.279999,66.299362,943.539978,54.46143
1/28/2014,394.429993,66.062965,932.679993,58.110001
1/29/2014,384.200012,64.966011,925.669983,57.202858
1/30/2014,403.01001,65.788719,941.390015,57.810001
1/31/2014,358.690002,66.772202,938.849976,58.475716
2/3/2014,346.149994,63.906876,931.710022,57.76857
2/4/2014,347.950012,64.587769,926.640015,57.987144
2/5/2014,346.450012,63.519157,904.52002,57.774284
2/6/2014,354.589996,63.98254,828.869995,58.272858
2/7/2014,361.079987,65.722534,695.650024,61.425713
2/10/2014,360.869995,66.081871,582.630005,61.491428
2/11/2014,361.790009,66.630348,578.960022,61.998573
2/12/2014,349.25,66.961319,531.130005,61.275715
2/13/2014,357.200012,67.89753,451.440002,62.364285
2/14/2014,357.350006,68.256851,427.679993,62.215714
2/18/2014,353.649994,68.143394,293.950012,62.407143
2/19/2014,347.380005,67.935333,261.529999,61.175713
2/20/2014,349.799988,68.33252,111.919998,62.135715
2/21/2014,346.76001,69.2687,111.559998,61.747143
2/24/2014,351.779999,70.630447,174,63.857143
2/25/2014,358.320007,70.951965,135.779999,64.718575
2/26/2014,359.799988,73.429558,593.140015,64.112854
2/27/2014,360.130005,73.751083,596.48999,64.604286
2/28/2014,362.100006,74.762932,573.940002,63.66143
3/3/2014,359.779999,74.498146,662.179993,63.655716
3/4/2014,363.899994,75.160095,661.849976,64.997147
3/5/2014,372.369995,74.810204,658.299988,64.785713
3/6/2014,372.160004,74.885857,648.26001,64.358574
3/7/2014,372.059998,75.02771,616.72998,64.052856
3/10/2014,370.529999,75.235756,612.969971,62.849998
3/11/2014,368.820007,74.753471,608.690002,62.497143
3/12/2014,370.640015,75.815948,619.429993,62.368572
3/13/2014,371.51001,74.857811,625.039978,61.437141
3/14/2014,373.73999,75.474449,614.030029,60.64143
3/17/2014,375.040009,75.91082,606.380005,60.388573
3/18/2014,378.769989,75.872856,598.929993,60.035713
3/19/2014,373.230011,74.250671,594.960022,60.012856
3/20/2014,368.970001,74.791412,565.98999,60.610001
3/21/2014,360.619995,73.548691,549.599976,57.998573
3/24/2014,351.850006,72.894119,567.559998,54.128571
3/25/2014,354.709991,72.704384,562.890015,52.977142
3/26/2014,343.410004,71.660873,562.450012,53.182858
3/27/2014,338.470001,71.395241,460.450012,52.025715
3/28/2014,338.290009,72.315468,482.609985,51.267143
3/31/2014,336.369995,73.017441,463.450012,50.290001
4/1/2014,342.98999,74.582718,424.369995,52.098572
4/2/2014,341.959991,74.184288,436.309998,51.84
4/3/2014,333.619995,73.634079,444.359985,50.669998
4/4/2014,323,71.556519,456.630005,48.187141
4/7/2014,317.76001,69.896385,466.559998,48.285713
4/8/2014,327.070007,71.860092,457.339996,49.841427
4/9/2014,331.809998,72.675941,384.630005,50.432858
4/10/2014,317.109985,70.47506,435.140015,47.818573
4/11/2014,311.730011,68.976196,437.649994,46.672855
4/14/2014,315.910004,69.962784,526.429993,47.368572
4/15/2014,316.079987,70.361221,536.950012,46.610001
4/16/2014,323.679993,71.120155,502,47.344284
4/17/2014,324.910004,70.465569,485.519989,49.39143
4/21/2014,330.869995,70.541473,487.910004,49.784286
4/22/2014,329.320007,71.632423,487.299988,53.271427
4/23/2014,324.579987,71.395241,500.290009,50.5
4/24/2014,337.149994,71.233994,464.48999,49.152859
4/25/2014,303.829987,69.972275,457.869995,46.011429
4/28/2014,296.579987,68.957222,446.119995,44.887142
4/29/2014,300.380005,68.85289,445.630005,45.695713
4/30/2014,304.130005,70.560448,460.130005,46.005714
5/1/2014,307.890015,68.112938,453.670013,48.074287
5/2/2014,308.01001,69.241821,438.649994,48.664288
5/5/2014,310.049988,68.786476,432.190002,49.197144
5/6/2014,297.380005,68.539833,446.549988,46.598572
5/7/2014,292.709991,67.875771,441.109985,45.791428
5/8/2014,288.320007,67.477333,445.450012,45.951427
5/9/2014,292.23999,67.543747,451.899994,46.935715
5/12/2014,302.859985,68.729561,433.920013,49.349998
5/13/2014,304.640015,68.027534,442.630005,49.591427
5/14/2014,297.619995,67.591171,448.100006,50.26857
5/15/2014,295.190002,67.55323,453.630005,49.169998
5/16/2014,297.700012,67.856796,452.790009,49.982857
5/19/2014,296.76001,68.321632,484.570007,52.07143
5/20/2014,301.190002,67.581688,488.839996,53.095715
5/21/2014,305.01001,68.056023,515.359985,55.799999
5/22/2014,304.910004,69.403099,518.090027,55.971428
5/23/2014,312.23999,69.156433,520.460022,57.478573
5/27/2014,310.820007,69.573845,570.840027,56.972858
5/28/2014,310.160004,68.701088,564.419983,57.32
5/29/2014,313.779999,68.748528,612.349976,59.314285
5/30/2014,312.549988,68.729561,627.909973,59.689999
6/2/2014,308.839996,69.241821,669.429993,60.294285
6/3/2014,307.190002,68.938255,638.929993,59.652859
6/4/2014,306.779999,69.469513,660.179993,60.458572
6/5/2014,323.570007,69.545387,650.409973,61.192856
6/6/2014,329.670013,70.114594,651.669983,61.447144
6/9/2014,327.5,69.649742,655.619995,60.441429
6/10/2014,332.410004,69.30822,642.950012,61.184284
6/11/2014,335.200012,69.831772,597.130005,61.42857
6/12/2014,325.910004,68.879868,610.349976,60.349998
6/13/2014,326.269989,69.051216,583.419983,61.101429
6/16/2014,327.619995,68.708527,605.090027,61.465714
6/17/2014,325.619995,67.585274,606.210022,63.378571
6/18/2014,334.380005,68.527672,600.169983,64.097145
6/19/2014,327,68.384888,590.75,63.055714
6/20/2014,324.200012,68.346794,597.039978,62.882858
6/23/2014,327.23999,68.13739,588.77002,62.78857
6/24/2014,324.160004,68.651421,568.450012,62.337143
6/25/2014,327.440002,68.936989,582.700012,63.458572
6/26/2014,325.690002,69.07975,602.22998,62.80143
6/27/2014,324.570007,69.470055,597.559998,63.154285
6/30/2014,324.779999,69.574738,643.190002,62.942856
7/1/2014,332.390015,70.479065,645.719971,67.585716
7/2/2014,332.850006,69.888885,638.030029,66.677139
7/3/2014,337.48999,70.088783,623.960022,67.478569
7/7/2014,333.549988,70.01265,615.320007,65.802856
7/8/2014,323.809998,69.869858,623,63.578571
7/9/2014,329.970001,71.040695,618.390015,63.285713
7/10/2014,327.920013,70.155434,632.900024,62.650002
7/11/2014,346.200012,70.041191,635.900024,62.851429
7/14/2014,355.320007,70.107826,619.599976,64.654289
7/15/2014,354.440002,69.727066,614.799988,64.155716
7/16/2014,355.899994,69.527161,626.580017,63.491428
7/17/2014,352.450012,69.108322,627.469971,62.765713
7/18/2014,358.660004,69.708031,627.039978,63.452858
7/21/2014,359.76001,69.860329,622.530029,64.564285
7/22/2014,360.839996,72.449532,621.690002,61.584286
7/23/2014,358.140015,71.802231,601.869995,61.128571
7/24/2014,358.609985,71.021667,600.5,60.76857
7/25/2014,324.01001,70.659943,596,60.265713
7/28/2014,320.410004,70.479065,585.77002,60.665714
7/29/2014,320,70.317245,564.640015,60.611427
7/30/2014,322.51001,70.01265,589.52002,62.05143
7/31/2014,312.98999,68.537186,598.780029,60.388573
8/1/2014,307.059998,66.795204,591.719971,60.771427
8/4/2014,313.649994,67.870865,588.76001,60.385715
8/5/2014,312.320007,67.870865,589.77002,60.407143
8/6/2014,313.890015,67.899399,592.799988,61.471428
8/7/2014,311.450012,67.90892,595.849976,64.238571
8/8/2014,316.799988,68.594299,589.52002,63.692856
8/11/2014,318.329987,69.251129,567.659973,64.505714
8/12/2014,319.320007,70.155434,542.099976,63.772858
8/13/2014,326.279999,70.907425,504.799988,64.504288
8/14/2014,333.209991,71.154907,496.450012,64.410004
8/15/2014,333.630005,70.964546,522.01001,65.584282
8/18/2014,334.529999,71.430977,485.119995,66.571426
8/19/2014,335.130005,71.535698,516.780029,66.878571
8/20/2014,335.779999,71.069252,517.940002,67.455711
8/21/2014,332.910004,71.154907,516.099976,67.435715
8/22/2014,331.589996,70.469551,497.679993,68.455711
8/25/2014,334.019989,71.421463,512.559998,68.704285
8/26/2014,341.829987,71.63089,515.22998,68.480003
8/27/2014,343.179993,71.545204,510.75,67.814285
8/28/2014,340.019989,71.640396,512.559998,67.887146
8/29/2014,339.040009,71.821251,505.959991,68.234283
9/2/2014,342.380005,72.344803,480.040009,68.085716
9/3/2014,339,71.973549,490.98999,68.19857
9/4/2014,345.950012,71.754631,483.649994,67.524284
9/5/2014,346.380005,72.75412,484.470001,67.954285
9/8/2014,342.339996,72.401924,474.899994,68.475716
9/9/2014,329.75,71.906937,479.700012,68.43
9/10/2014,331.329987,72.554222,478.48999,69.19857
9/11/2014,330.519989,72.812073,477.730011,68.794289
9/12/2014,331.190002,72.611526,478.170013,68.078575
9/15/2014,323.890015,72.783432,466.75,65.39286
9/16/2014,327.76001,73.136818,461.089996,65.272858
9/17/2014,324,73.127266,424.26001,64.932854
9/18/2014,325,73.289589,397.670013,65.572861
9/19/2014,331.320007,73.537918,411.529999,65.360001
9/22/2014,324.5,72.449181,436.859985,63.254284
9/23/2014,323.630005,72.420525,423.769989,63.414288
9/24/2014,328.209991,72.926704,412.290009,64.365715
9/25/2014,321.929993,72.869392,404.459991,63.355713
9/26/2014,323.209991,73.795761,399.019989,64.10714
9/29/2014,321.820007,74.139595,388.170013,64.222855
9/30/2014,322.440002,73.49971,382.839996,64.454285
10/1/2014,317.459991,73.633415,375.140015,62.685715
10/2/2014,318.410004,74.091835,363.450012,64.28286
10/3/2014,322.73999,74.206436,335.320007,65.648575
10/6/2014,322.200012,74.349693,331.649994,66.211426
10/7/2014,316.980011,73.356445,350.869995,65.178574
10/8/2014,322.700012,74.41655,360.910004,66.694283
10/9/2014,315.369995,73.251404,361.709991,65.945717
10/10/2014,311.390015,72.974449,361.220001,64.582855
10/13/2014,306.450012,72.315483,397.100006,62.654285
10/14/2014,308.309998,80.509697,393.170013,64.160004
10/15/2014,305.970001,79.888931,379.769989,64.084282
10/16/2014,302.859985,80.156342,380.480011,51.671429
10/17/2014,303.640015,81.025391,390.880005,51.012856
10/20/2014,306.209991,82.133255,382.350006,51.317142
10/21/2014,315.329987,82.123711,378.929993,52.284286
10/22/2014,312.970001,82.563011,355.779999,53.521427
10/23/2014,313.179993,83.374802,355.100006,54.720001
10/24/2014,287.059998,83.737724,346.720001,55.002857
10/27/2014,289.970001,84.291634,350.089996,54.200001
10/28/2014,295.589996,84.998367,351.059998,55.174286
10/29/2014,294.119995,84.979271,335.119995,54.014286
10/30/2014,299.070007,84.883766,344.859985,54.144287
10/31/2014,305.459991,84.797806,337.869995,56.110001
11/3/2014,305.720001,85.523643,324.23999,55.487144
11/4/2014,302.809998,86.192177,327.959991,54.682858
11/5/2014,296.519989,86.430923,338.01001,54.34
11/6/2014,296.640015,86.765182,347.670013,54.757141
11/7/2014,299.859985,86.717445,341.869995,54.880001
11/10/2014,305.109985,87.939896,367.149994,55.324287
11/11/2014,312.01001,87.452843,365.420013,54.650002
11/12/2014,311.51001,87.529213,432.029999,54.837143
11/13/2014,316.480011,87.739334,428.720001,54.201427
11/14/2014,327.820007,87.34774,396.529999,55.148571
11/17/2014,323.049988,86.927544,384.690002,54.44857
11/18/2014,324.929993,87.405067,379.160004,54.432858
11/19/2014,326.540009,87.300018,381.429993,51.871429
11/20/2014,330.540009,88.31234,357.299988,52.591427
11/21/2014,332.630005,88.532005,351.769989,51.468571
11/24/2014,335.640015,89.17189,378.850006,50.924286
11/25/2014,335.040009,88.971329,376.429993,49.855713
11/26/2014,333.570007,89.038177,365.350006,50.165714
11/28/2014,338.640015,89.630302,377.589996,49.512856
12/1/2014,326,89.964554,378.609985,48.830002
12/2/2014,326.309998,90.814537,380.640015,50.330002
12/3/2014,316.5,91.397118,376.959991,50.73143
12/4/2014,316.929993,91.616776,369.839996,50.085712
12/5/2014,312.630005,90.623543,377.630005,50.131428
12/8/2014,306.640015,91.110611,364.950012,48.497143
12/9/2014,312.5,90.652184,352.190002,49.111427
12/10/2014,305.839996,89.124146,347.940002,47.759998
12/11/2014,307.359985,90.129616,347.679993,47.804287
12/12/2014,307.320007,91.039345,353.399994,47.782856
12/15/2014,306.070007,90.014702,345.369995,46.720001
12/16/2014,295.059998,88.980484,330.220001,45.205715
12/17/2014,298.880005,89.468872,320.019989,47.664288
12/18/2014,297.730011,90.445625,310.339996,47.774284
12/19/2014,299.899994,91.633041,317.779999,48.58857
12/22/2014,306.540009,91.83416,330.839996,48.097141
12/23/2014,306.290009,91.566025,335.25,48.061428
12/24/2014,303.029999,91.345787,322.399994,48.871429
12/26/2014,309.089996,91.403221,329.980011,48.578571
12/29/2014,312.040009,91.393646,314.119995,48.847141
12/30/2014,310.299988,90.895699,311.269989,49.032856
12/31/2014,310.350006,90.17749,318.23999,48.80143
1/2/2015,308.519989,90.292412,315.209991,49.848572
1/5/2015,302.190002,91.422379,274.839996,47.311428
1/6/2015,295.290009,90.292412,282.269989,46.501427
1/7/2015,298.420013,93.36631,291.339996,46.742859
1/8/2015,300.459991,96.50724,282.690002,47.779999
1/9/2015,296.929993,96.23912,287.970001,47.041428
1/12/2015,291.410004,97.790451,269.329987,45.547142
1/13/2015,294.73999,97.388252,221.289993,46.255714
1/14/2015,293.269989,94.71653,164.919998,46.32
1/15/2015,286.950012,92.724724,209.779999,46.251427
1/16/2015,290.73999,94.314339,206.919998,48.191429
1/20/2015,289.440002,93.375885,210.550003,49.828571
1/21/2015,297.25,93.251411,228.169998,58.468571
1/22/2015,310.320007,94.812302,232.699997,61.205715
1/23/2015,312.390015,93.940872,232.169998,62.494286
1/26/2015,309.660004,94.553741,269.179993,63.794285
1/27/2015,306.75,94.735687,263.269989,64.881432
1/28/2015,303.910004,95.654968,236.169998,63.208572
1/29/2015,311.779999,96.995628,233.990005,63.400002
1/30/2015,354.529999,94.850594,231.839996,63.114285
2/2/2015,364.470001,93.92173,238.860001,63.009998
2/3/2015,363.549988,95.157043,227.410004,65.274284
2/4/2015,364.75,95.492195,226.580002,64.101425
2/5/2015,373.890015,95.511337,216.520004,64.129997
2/6/2015,374.279999,95.626266,222.960007,63.48
2/9/2015,370.559998,94.44841,220.339996,63.295715
2/10/2015,373,96.650864,219.669998,64.849998
2/11/2015,375.140015,96.191246,218.830002,64.984283
2/12/2015,377.170013,96.296585,221.789993,65.247147
2/13/2015,381.829987,95.76033,236.169998,66.585716
2/17/2015,375.429993,96.401901,243.199997,67.137146
2/18/2015,373.369995,97.531898,235.199997,67.865715
2/19/2015,379,97.436119,241.919998,67.800003
2/20/2015,383.660004,98.15432,244.520004,68.314285
2/23/2015,380.140015,100.069534,238.820007,67.405716
2/24/2015,378.589996,99.140648,238.889999,67.839996
2/25/2015,385.369995,99.523705,237.330002,68.332855
2/26/2015,384.799988,99.590744,236.529999,69.004288
2/27/2015,380.160004,97.225449,253.470001,67.844284
3/2/2015,385.660004,100.01207,273.75,68.60714
3/3/2015,384.609985,98.470345,280.649994,67.815712
3/4/2015,382.720001,98.901245,271.920013,67.110001
3/5/2015,387.829987,98.997025,275.230011,66.807144
3/6/2015,380.089996,96.59343,272.559998,64.874283
3/9/2015,378.559998,97.06266,290.019989,63.66143
3/10/2015,369.51001,94.831436,291.369995,62.151428
3/11/2015,366.369995,94.29351,295.600006,62.884285
3/12/2015,374.23999,96.752663,293.850006,64.045715
3/13/2015,370.579987,95.792068,287.209991,62.628571
3/16/2015,373.350006,97.530754,290.410004,60.281429
3/17/2015,371.920013,98.126335,285.380005,59.78857
3/18/2015,375.140015,98.145538,255.919998,60.445713
3/19/2015,373.23999,99.682518,260.929993,60.744286
3/20/2015,378.48999,100.508652,261.779999,61.185715
3/23/2015,375.109985,99.922676,265.459991,60.714287
3/24/2015,374.089996,99.989922,246.720001,62.611427
3/25/2015,370.959991,97.127304,246.369995,60.25
3/26/2015,367.350006,96.579758,248.020004,59.751427
3/27/2015,370.559998,97.069679,247.210007,59.252857
3/30/2015,374.589996,98.510605,244.149994,60.367142
3/31/2015,372.100006,96.589371,246.240005,59.527142
4/1/2015,370.26001,96.541328,252.600006,59.017143
4/2/2015,372.25,97.012039,254.479996,59.154285
4/6/2015,377.040009,96.839119,252.970001,60.330002
4/7/2015,374.410004,95.47506,244.570007,60.494286
4/8/2015,381.200012,96.339607,243.320007,63.049999
4/9/2015,383.540009,95.292526,234.729996,62.785713
4/10/2015,382.649994,96.541328,236.479996,64.938568
4/13/2015,382.359985,96.253143,217.990005,67.811432
4/14/2015,385.109985,94.610504,222.970001,68.387146
4/15/2015,383.450012,94.485634,227.979996,67.922859
4/16/2015,386.040009,96.474083,222.589996,80.292854
4/17/2015,375.559998,95.330971,223.350006,81.650002
4/20/2015,389.51001,95.734406,233.729996,81.055717
4/21/2015,391.179993,95.484665,233.779999,80.062859
4/22/2015,389.799988,95.868927,235.399994,79.668571
4/23/2015,389.98999,104.92746,231.089996,79.865715
4/24/2015,445.100006,109.471146,226.139999,79.771431
4/27/2015,438.559998,105.907295,225.809998,80.868568
4/28/2015,429.309998,107.386612,225.419998,80.437141
4/29/2015,429.369995,105.081154,235.770004,80.407143
4/30/2015,421.779999,103.601807,233.210007,79.5
5/1/2015,422.869995,104.07251,235.339996,79.575714
5/4/2015,423.040009,103.67868,235.820007,79.271431
5/5/2015,421.190002,101.546112,230.029999,80.792854
5/6/2015,419.100006,101.949562,237.729996,80.077141
5/7/2015,426.880005,103.67868,243.740005,80.748573
5/8/2015,433.690002,104.831398,241.399994,82.085716
5/11/2015,432.850006,105.51342,241.580002,84.278572
5/12/2015,431.019989,104.76416,236.380005,83.377144
5/13/2015,426.869995,104.399132,236.899994,82.872856
5/14/2015,432.279999,105.580681,237.199997,83.835716
5/15/2015,426,105.993752,236.229996,87.60714
5/18/2015,425.23999,106.714172,232.020004,88.267143
5/19/2015,421.709991,106.195465,233.960007,88.068573
5/20/2015,423.859985,106.060989,235.380005,88.790001
5/21/2015,431.630005,105.734375,240.369995,89.002853
5/22/2015,427.630005,104.735344,238.940002,88.83857
5/26/2015,425.470001,104.283852,237.289993,87.992859
5/27/2015,431.420013,104.370308,237.320007,89.85714
5/28/2015,426.570007,104.908241,237.029999,89.507141
5/29/2015,429.230011,104.379921,233.220001,89.151428
6/1/2015,430.920013,104.754562,225.740005,89.002853
6/2/2015,430.98999,104.581627,225.589996,89.129997
6/3/2015,436.589996,104.696907,224.220001,88.808571
6/4/2015,430.779999,104.735344,225.289993,89.348572
6/5/2015,426.950012,105.667152,224.740005,90.459999
6/8/2015,423.5,105.542229,229.559998,89.604286
6/9/2015,425.480011,106.080193,228.789993,92.449997
6/10/2015,430.769989,107.962975,229.880005,95.871429
6/11/2015,432.970001,107.818497,230.460007,95.094284
6/12/2015,429.920013,108.165268,232.479996,94.418571
6/15/2015,423.670013,106.739639,249.820007,93.431427
6/16/2015,427.26001,106.69149,247.380005,95.272858
6/17/2015,427.809998,106.845581,248.440002,94.271431
6/18/2015,439.390015,108.43499,244.130005,94.742859
6/19/2015,434.920013,107.799248,244.979996,93.871429
6/22/2015,436.290009,109.677597,243.759995,96.414284
6/23/2015,445.98999,109.446419,240.559998,97.312859
6/24/2015,440.839996,107.539139,242.559998,96.944283
6/25/2015,440.100006,107.616219,242.949997,94.891426
6/26/2015,438.100006,110.679413,250.729996,93.08857
6/29/2015,429.859985,109.812469,264.119995,92.23143
6/30/2015,434.089996,109.234497,257.619995,93.848572
7/1/2015,437.390015,110.342278,254.880005,93.635712
7/2/2015,437.709991,109.696877,255.399994,94.044289
7/6/2015,436.040009,108.974403,266.209991,94.571426
7/7/2015,436.720001,109.253754,268.640015,94.091431
7/8/2015,429.700012,109.080391,269.140015,93.507141
7/9/2015,434.390015,109.513855,283.619995,95.727142
7/10/2015,443.51001,111.661919,291.970001,97.228569
7/13/2015,455.570007,115.043015,286.959991,101.087143
7/14/2015,465.570007,114.426514,283.420013,100.371429
7/15/2015,461.190002,114.185707,276.589996,98.129997
7/16/2015,475.480011,111.324799,279.619995,115.809998
7/17/2015,483.01001,105.997917,274.049988,114.769997
7/20/2015,488.100006,106.961205,275.089996,110.550003
7/21/2015,488,107.279076,276.459991,112.510002
7/22/2015,488.269989,108.184547,275.519989,111.5
7/23/2015,482.179993,107.54879,288.369995,110.099998
7/24/2015,529.419983,106.88414,288.73999,109.339996
7/27/2015,531.409973,107.221275,293.700012,106.43
7/28/2015,526.030029,107.664375,288.369995,106.900002
7/29/2015,529,109.340454,287.019989,107.080002
7/30/2015,536.76001,109.658348,283.730011,111.559998
7/31/2015,536.150024,109.658348,280.470001,114.309998
8/3/2015,535.030029,110.072525,284.299988,112.559998
8/4/2015,531.900024,110.997292,281.720001,121.150002
8/5/2015,537.01001,110.197784,278,123.709999
8/6/2015,529.460022,107.731804,277.890015,126.449997
8/7/2015,522.619995,109.263397,258.600006,123.519997
8/10/2015,524,108.98407,269.029999,123.029999
8/11/2015,527.460022,109.321198,267.660004,122.739998
8/12/2015,525.909973,107.770348,263.440002,120.510002
8/13/2015,529.659973,110.005119,265.029999,123.730003
8/14/2015,531.52002,109.976204,260.519989,123.389999
8/17/2015,535.219971,110.766098,246.720001,125.360001
8/18/2015,535.02002,108.752861,226,124.050003
8/19/2015,532.919983,106.46994,234.660004,122.059998
8/20/2015,515.780029,103.705345,232.399994,112.489998
8/21/2015,494.470001,100.642159,229.539993,103.959999
8/24/2015,463.369995,98.041336,220.509995,96.879997
8/25/2015,466.369995,101.162315,224.970001,101.519997
8/26/2015,500.769989,102.395302,222.729996,110.129997
8/27/2015,518.369995,103.84021,231.639999,117.660004
8/28/2015,518.01001,104.427826,228.5,117.629997
8/31/2015,512.890015,102.048538,227.179993,115.029999
9/1/2015,496.540009,100.035301,228.630005,105.790001
9/2/2015,510.549988,101.316452,226.199997,105.440002
9/3/2015,504.720001,101.28756,230.25,101.059998
9/4/2015,499,101.624702,233.669998,98.790001
9/8/2015,517.539978,104.996124,237.410004,94.949997
9/9/2015,516.890015,104.206245,238.080002,99.18
9/10/2015,522.23999,103.965439,239.899994,99.480003
9/11/2015,529.440002,106.477127,235.600006,97.510002
9/14/2015,521.380005,106.544769,229.529999,95.690002
9/15/2015,522.369995,108.02282,228.600006,99.160004
9/16/2015,527.390015,107.829597,232.720001,104.080002
9/17/2015,538.869995,108.776337,232.210007,104.209999
9/18/2015,540.26001,107.887558,231.110001,102.620003
9/21/2015,548.390015,107.259628,230.009995,100.300003
9/22/2015,538.400024,107.105072,229.889999,98.470001
9/23/2015,536.070007,107.20166,233.759995,98.07
9/24/2015,533.75,106.544769,235.029999,103.760002
9/25/2015,524.25,109.114441,234.300003,102.239998
9/28/2015,504.059998,104.85421,236.710007,99.470001
9/29/2015,496.070007,102.274857,235.929993,98.349998
9/30/2015,511.890015,104.245575,237.050003,103.260002
10/1/2015,520.719971,101.753197,236.710007,105.980003
10/2/2015,532.539978,103.250549,238.580002,106.110001
10/5/2015,543.679993,104.670639,246.139999,111.25
10/6/2015,537.47998,103.617653,242.979996,108.330002
10/7/2015,541.940002,104.361519,242.580002,108.099998
10/8/2015,533.159973,99.154533,244.039993,114.93
10/9/2015,539.799988,101.801483,245.350006,113.330002
10/12/2015,550.190002,102.477722,248.779999,113.449997
10/13/2015,548.900024,102.564667,252.330002,109.730003
10/14/2015,544.830017,100.825806,254.440002,110.230003
10/15/2015,562.440002,102.26519,262.869995,101.089996
10/16/2015,570.76001,102.612961,269.579987,98.989998
10/19/2015,573.150024,103.607994,269.75,101.690002
10/20/2015,560.880005,102.583984,267.109985,98.989998
10/21/2015,555.77002,99.946693,274.420013,97.959999
10/22/2015,563.909973,100.42971,276.920013,97.32
10/23/2015,599.030029,100.56498,282.559998,100.040001
10/26/2015,608.609985,102.216896,285.149994,103.040001
10/27/2015,611.01001,101.395752,294.660004,103.07
10/28/2015,617.099976,105.984459,303.540009,105.800003
10/29/2015,626.549988,105.684998,313.630005,105.120003
10/30/2015,625.900024,103.047691,327.119995,108.379997
11/2/2015,628.349976,105.05706,359.279999,107.639999
11/3/2015,625.309998,103.530724,396.48999,109.739998
11/4/2015,640.950012,101.482719,400.890015,114.050003
11/5/2015,655.650024,100.574623,382.700012,113.5
11/6/2015,659.369995,100.89341,369.809998,114.059998
11/9/2015,655.48999,99.540955,380.220001,109.860001
11/10/2015,659.679993,100.690552,336.690002,112.699997
11/11/2015,673.25,101.637276,304.709991,112.860001
11/12/2015,665.599976,99.396057,333.850006,108.919998
11/13/2015,642.349976,98.169182,333.769989,103.650002
11/16/2015,647.809998,99.975685,330.209991,111.349998
11/17/2015,643.299988,98.768105,333.910004,117.099998
11/18/2015,663.539978,100.53598,335.920013,120.629997
11/19/2015,661.27002,100.970695,324.980011,120.220001
11/20/2015,668.450012,101.45372,321.119995,123.839996
11/23/2015,678.98999,104.052376,322.119995,125.029999
11/24/2015,671.150024,103.79155,318.350006,123.309998
11/25/2015,675.340027,105.443466,327.519989,124.160004
11/27/2015,673.26001,104.960457,359.519989,125.440002
11/30/2015,664.799988,103.820534,377.970001,123.330002
12/1/2015,679.059998,105.163338,361.799988,125.370003
12/2/2015,676.01001,105.105362,359.980011,128.929993
12/3/2015,666.25,103.79155,360.309998,126.809998
12/4/2015,672.640015,106.100395,361.670013,130.929993
12/7/2015,669.830017,106.641373,394.279999,125.360001
12/8/2015,677.330017,106.20665,410.670013,126.980003
12/9/2015,664.789978,105.395164,416,124.199997
12/10/2015,662.320007,105.627014,415.48999,122.910004
12/11/2015,640.150024,105.249191,449.829987,118.910004
12/14/2015,657.909973,105.96611,442,120.669998
12/15/2015,658.640015,106.498924,462.649994,118.599998
12/16/2015,675.77002,105.811089,453.980011,122.639999
12/17/2015,670.650024,105.956413,455.529999,122.510002
12/18/2015,664.140015,105.442963,463.179993,118.019997
12/21/2015,664.51001,106.305191,437.589996,116.629997
12/22/2015,663.150024,105.995163,437.029999,116.239998
12/23/2015,663.700012,106.062988,442.429993,118.160004
12/24/2015,662.789978,106.121109,452.980011,117.330002
12/28/2015,675.200012,106.692688,421.76001,117.110001
12/29/2015,693.969971,108.504333,431.920013,119.120003
12/30/2015,689.070007,108.029625,427.149994,116.709999
12/31/2015,675.890015,107.777733,429.950012,114.379997
1/4/2016,636.98999,105.820778,433.320007,109.959999
1/5/2016,633.789978,106.498924,431.200012,107.660004
1/6/2016,632.650024,106.343918,430.820007,117.68
1/7/2016,607.940002,103.418175,457.049988,114.559998
1/8/2016,607.049988,105.568909,452.869995,111.389999
1/11/2016,617.73999,102.904724,447.720001,114.970001
1/12/2016,617.890015,106.334229,445.040009,116.580002
1/13/2016,581.809998,104.590416,432.179993,106.559998
1/14/2016,593,103.796005,429.130005,107.059998
1/15/2016,570.179993,100.909019,372.26001,104.040001
1/19/2016,574.47998,101.645302,379.459991,107.889999
1/20/2016,571.77002,103.13723,414.579987,107.739998
1/21/2016,575.02002,104.348228,410.23999,102.349998
1/22/2016,596.380005,108.116798,382.649994,100.720001
1/25/2016,596.530029,107.273956,392.76001,99.120003
1/26/2016,601.25,108.669029,389.779999,97.830002
1/27/2016,583.349976,107.593666,395.019989,91.150002
1/28/2016,635.349976,108.698074,379.690002,94.410004
1/29/2016,587,110.374084,380.290009,91.839996
2/1/2016,574.809998,110.780983,372.179993,94.089996
2/2/2016,552.099976,110.199699,373.920013,91.489998
2/3/2016,531.070007,110.248154,368.019989,90.739998
2/4/2016,536.26001,110.441902,390.649994,89.709999
2/5/2016,502.130005,106.925194,386.459991,82.790001
2/8/2016,488.100006,104.784172,372.630005,83.32
2/9/2016,482.070007,102.323463,375.320007,86.129997
2/10/2016,490.480011,103.660378,381.880005,88.449997
2/11/2016,503.820007,103.563492,379.450012,86.349998
2/12/2016,507.079987,106.082344,384.040009,87.400002
2/16/2016,521.099976,107.613045,406.420013,89.050003
2/17/2016,534.099976,109.424683,417.140015,94.760002
2/18/2016,525,108.543076,421.399994,90.489998
2/19/2016,534.900024,109.347176,419.980011,89.230003
2/22/2016,559.5,111.497887,437.790009,91.93
2/23/2016,552.940002,113.948914,419.899994,89.120003
2/24/2016,554.039978,113.93924,422.720001,91.610001
2/25/2016,555.150024,128.752014,423.480011,94.529999
2/26/2016,555.22998,130.195526,427.320007,94.790001
2/29/2016,552.52002,128.887619,436.209991,93.410004
3/1/2016,579.039978,129.962982,434.040009,98.300003
3/2/2016,580.210022,128.907028,425.359985,97.610001
3/3/2016,577.48999,128.693909,419.559998,97.93
3/4/2016,575.140015,128.839203,409.480011,101.580002
3/7/2016,562.799988,129.837067,414.869995,95.489998
3/8/2016,560.26001,130.050201,411.899994,96.230003
3/9/2016,559.469971,129.604553,412.76001,98
3/10/2016,558.929993,128.858582,415.829987,97.360001
3/11/2016,569.609985,127.974449,419.109985,97.660004
3/14/2016,573.369995,128.878021,414.309998,98.129997
3/15/2016,577.02002,127.469254,415.130005,97.860001
3/16/2016,574.27002,128.100769,415.910004,99.349998
3/17/2016,559.440002,127.537231,418.160004,99.720001
3/18/2016,552.080017,127.090317,408.160004,101.120003
3/21/2016,553.97998,127.440117,411.109985,101.059998
3/22/2016,560.47998,127.012566,416.209991,99.839996
3/23/2016,569.630005,126.41996,416.980011,99.589996
3/24/2016,582.950012,125.079201,414.73999,98.360001
3/28/2016,579.869995,125.477516,415,101.209999
3/29/2016,593.859985,126.390793,412.440002,104.129997
3/30/2016,598.690002,127.245789,415.660004,102.190002
3/31/2016,593.640015,128.110474,415.640015,102.230003
4/1/2016,598.5,129.674698,418.51001,105.699997
4/4/2016,593.190002,129.567825,422.070007,104.349998
4/5/2016,586.140015,128.557404,421.26001,104.940002
4/6/2016,602.080017,132.074448,420.140015,104.830002
4/7/2016,591.429993,132.385361,417.690002,104.449997
4/8/2016,594.599976,133.152924,418.049988,103.809998
4/11/2016,595.929993,133.337479,424.73999,102.68
4/12/2016,603.169983,132.85173,423.470001,106.980003
4/13/2016,614.820007,133.240311,424.019989,109.650002
4/14/2016,620.75,133.366623,428.670013,110.419998
4/15/2016,625.890015,134.678253,430.049988,111.510002
4/18/2016,635.349976,134.707397,434.920013,108.400002
4/19/2016,627.900024,133.609497,441.160004,94.339996
4/20/2016,632.98999,136.028717,449.339996,96.769997
4/21/2016,631,133.978714,445.279999,94.980003
4/22/2016,620.5,128.644821,450.079987,95.900002
4/25/2016,626.200012,129.869003,466,93.559998
4/26/2016,616.880005,130.00502,447.01001,92.43
4/27/2016,606.570007,129.830139,448.480011,91.040001
4/28/2016,602,117.044357,454.980011,90.279999
4/29/2016,659.590027,117.442688,448.529999,90.029999
5/2/2016,683.849976,116.947197,450.269989,93.110001
5/3/2016,671.320007,115.188667,445.799988,91.540001
5/4/2016,670.900024,115.635574,448.079987,90.790001
5/5/2016,659.090027,116.519707,459.559998,89.370003
5/6/2016,673.950012,115.917336,458.459991,90.839996
5/9/2016,679.75,118.054787,449.359985,90.540001
5/10/2016,703.070007,118.744598,452.5,92.889999
5/11/2016,713.22998,116.422562,454.429993,90.019997
5/12/2016,717.929993,118.006203,455.410004,87.739998
5/13/2016,709.919983,118.482262,456.440002,87.879997
5/16/2016,710.659973,119.66758,453.25,89.120003
5/17/2016,695.27002,117.627296,454.220001,88.629997
5/18/2016,697.450012,117.685577,442.660004,90.5
5/19/2016,698.52002,117.384407,442.109985,89.550003
5/20/2016,702.799988,119.560699,443.640015,92.489998
5/23/2016,696.75,118.414253,446.109985,94.889999
5/24/2016,704.200012,119.036064,449.779999,97.889999
5/25/2016,708.349976,117.841042,453.299988,100.199997
5/26/2016,714.909973,119.502403,474.049988,102.809998
5/27/2016,712.23999,118.705742,524.219971,103.300003
5/31/2016,722.789978,117.442688,537.400024,102.57
6/1/2016,719.440002,117.947914,537.099976,101.510002
6/2/2016,728.23999,119.745293,567.030029,101.25
6/3/2016,725.539978,118.734871,571.950012,99.589996
6/6/2016,726.72998,120.82373,575.580017,100.739998
6/7/2016,723.73999,121.27066,580.51001,99.889999
6/8/2016,726.640015,122.796005,574.690002,97.860001
6/9/2016,727.650024,123.855034,577.890015,97.089996
6/10/2016,717.909973,122.660004,591.599976,93.75
6/13/2016,715.23999,121.607536,685.140015,93.849998
6/14/2016,719.299988,123.137497,690.77002,94.120003
6/15/2016,714.26001,123.156982,761.210022,94.290001
6/16/2016,717.51001,123.712448,743.900024,95.440002
6/17/2016,706.390015,124.043777,753.77002,94.449997
6/20/2016,714.01001,124.238686,667.380005,93.800003
6/21/2016,715.820007,124.082771,590.559998,90.989998
6/22/2016,710.599976,122.124023,620.840027,90.010002
6/23/2016,722.080017,124.004799,656.890015,91.660004
6/24/2016,698.960022,121.782959,663.52002,88.440002
6/27/2016,691.359985,118.96666,644.890015,85.330002
6/28/2016,707.950012,121.354172,636.539978,87.970001
6/29/2016,715.599976,123.644234,670.02002,91.059998
6/30/2016,715.619995,128.029465,674.570007,91.480003
7/1/2016,725.679993,129.208618,698.059998,96.669998
7/5/2016,728.099976,130.514435,672.700012,97.910004
7/6/2016,737.609985,131.537628,635.25,94.599998
7/7/2016,736.570007,130.446228,662.780029,95.099998
7/8/2016,745.809998,131.664368,651.830017,97.059998
7/11/2016,753.780029,132.531647,670.559998,94.669998
7/12/2016,748.210022,132.190567,661.150024,95.970001
7/13/2016,742.630005,131.966446,657.25,96.43
7/14/2016,741.200012,132.180832,664.200012,98.019997
7/15/2016,735.440002,132.239304,660.690002,98.389999
7/18/2016,736.070007,132.09314,671.099976,98.809998
7/19/2016,739.950012,132.09314,664.400024,85.839996
7/20/2016,745.719971,133.398956,664.619995,87.910004
7/21/2016,744.429993,140.97084,651.109985,85.989998
7/22/2016,744.859985,144.985733,655.159973,85.889999
7/25/2016,739.609985,143.923553,654.380005,87.660004
7/26/2016,735.590027,142.403305,654.539978,91.410004
7/27/2016,736.669983,143.47525,654.130005,92.040001
7/28/2016,752.609985,143.494736,655.429993,91.650002
7/29/2016,758.809998,143.543457,654.73999,91.25
8/1/2016,767.73999,143.757874,513.429993,94.370003
8/2/2016,760.580017,141.740662,566.440002,93.559998
8/3/2016,754.640015,142.432541,576.219971,93.099998
8/4/2016,760.77002,142.76387,574.659973,93.440002
8/5/2016,765.97998,142.452011,586.450012,97.029999
8/8/2016,766.559998,141.009781,585.25,95.110001
8/9/2016,768.309998,141.224167,590.940002,93.989998
8/10/2016,768.559998,141.302124,587.840027,93.93
8/11/2016,771.23999,142.296127,587.140015,95.889999
8/12/2016,772.559998,142.403305,584.590027,96.589996
8/15/2016,768.48999,141.448288,580.190002,95.309998
8/16/2016,764.039978,140.298416,572.340027,95.120003
8/17/2016,764.630005,140.883102,573.390015,96.370003
8/18/2016,764.460022,143.377823,574.559998,96.160004
8/19/2016,757.309998,143.523987,582.609985,95.870003
8/22/2016,759.47998,146.242859,583.559998,95.260002
8/23/2016,762.450012,146.64238,579.659973,95.940002
8/24/2016,757.25,145.999237,577.960022,95.18
8/25/2016,759.219971,146.408524,579.369995,97.32
8/26/2016,769,144.566711,570.349976,97.580002
8/29/2016,771.289978,146.164871,577.320007,97.300003
8/30/2016,767.580017,145.619156,573.880005,97.449997
8/31/2016,769.159973,145.7556,571.98999,97.449997
9/1/2016,770.619995,145.209839,575.289978,97.379997
9/2/2016,772.440002,147.149094,598.840027,97.379997
9/6/2016,788.869995,146.350037,613.210022,100.089996
9/7/2016,784.47998,146.64238,625.570007,99.150002
9/8/2016,784.059998,145.434006,623.159973,99.660004
9/9/2016,760.140015,142.403305,624.52002,96.5
9/12/2016,771.48999,146.379288,608.609985,99.050003
9/13/2016,761.01001,146.213181,609.539978,96.089996
9/14/2016,761.090027,146.83844,608.109985,97.010002
9/15/2016,769.690002,148.294128,607.780029,97.339996
9/16/2016,778.52002,146.574631,607.080017,99.480003
9/19/2016,775.099976,148.020569,609.23999,98.059998
9/20/2016,780.219971,148.440659,597.159973,98.25
9/21/2016,789.73999,149.09523,595.630005,94.879997
9/22/2016,804.700012,150.531387,602.919983,95.830002
9/23/2016,805.75,150.707214,602.590027,95.940002
9/26/2016,799.159973,149.954987,605.469971,94.559998
9/27/2016,816.109985,150.091751,604.669983,97.07
9/28/2016,828.719971,149.261337,604.700012,97.480003
9/29/2016,829.049988,148.255066,608.140015,96.669998
9/30/2016,837.309998,148.352722,613.409973,98.550003
10/3/2016,836.73999,148.088989,608.960022,102.629997
10/4/2016,834.030029,147.981491,611.820007,102.339996
10/5/2016,844.359985,147.493011,610.969971,106.279999
10/6/2016,841.659973,147.649323,616.030029,105.07
10/7/2016,839.429993,147.366028,617.650024,104.82
10/10/2016,841.710022,149.661896,640.450012,103.330002
10/11/2016,831,148.870544,635.98999,100.589996
10/12/2016,834.090027,148.733749,635.599976,99.5
10/13/2016,829.280029,146.848221,637.919983,100.230003
10/14/2016,822.960022,147.639557,637.030029,101.470001
10/17/2016,812.950012,148.509048,635.340027,99.800003
10/18/2016,817.650024,155.77771,629.059998,118.790001
10/19/2016,817.690002,161.219421,628.340027,121.870003
10/20/2016,810.320007,161.590683,630.450012,123.349998
10/21/2016,818.98999,162.528549,655.47998,127.5
10/24/2016,838.090027,162.694641,651,127.330002
10/25/2016,835.179993,161.092422,674.669983,126.510002
10/26/2016,822.590027,161.004517,682.299988,126.970001
10/27/2016,818.359985,162.118225,686.23999,126.470001
10/28/2016,776.320007,164.052612,714.950012,126.57
10/31/2016,789.820007,165.342209,698.669983,124.870003
11/1/2016,785.409973,163.700912,726.76001,123.300003
11/2/2016,765.559998,163.398056,733.51001,122.339996
11/3/2016,767.030029,162.342911,684.869995,122.139999
11/4/2016,755.049988,162.919357,702.080017,122.029999
11/7/2016,784.929993,164.335968,705.400024,124.580002
11/8/2016,787.75,165.00029,710.900024,124.339996
11/9/2016,771.880005,166.436447,721.419983,122.190002
11/10/2016,742.380005,157.39949,714.570007,115.419998
11/11/2016,739.01001,155.943771,714.969971,114.779999
11/14/2016,719.070007,153.550201,704.559998,113.379997
11/15/2016,743.23999,157.624191,711.099976,113.589996
11/16/2016,746.48999,157.848892,740.280029,115.190002
11/17/2016,756.400024,157.848892,737.530029,115.029999
11/18/2016,760.159973,160.525757,746.960022,115.209999
11/21/2016,780,162.626251,736.190002,117.959999
11/22/2016,785.330017,164.589966,749.340027,118.040001
11/23/2016,780.119995,166.631851,741.070007,117.690002
11/25/2016,780.369995,168.292664,740.390015,117.410004
11/28/2016,766.77002,166.12381,733.299988,116.93
11/29/2016,762.52002,166.934677,732.559998,117.510002
11/30/2016,750.570007,164.169861,742.48999,117
12/1/2016,743.650024,164.814651,752.630005,117.220001
12/2/2016,740.340027,164.130798,770.940002,120.809998
12/5/2016,759.359985,162.460144,754.340027,119.160004
12/6/2016,764.719971,165.195694,758.210022,124.57
12/7/2016,770.419983,163.857224,765.559998,125.389999
12/8/2016,767.330017,160.740707,768.48999,123.239998
12/9/2016,768.659973,159.802826,770.47998,122.879997
12/12/2016,760.119995,158.141968,778.469971,122.830002
12/13/2016,774.340027,158.504303,778.73999,123.779999
12/14/2016,768.820007,158.631622,776.5,123.440002
12/15/2016,761,156.467438,775.210022,125
12/16/2016,757.77002,156.722031,782.049988,124.220001
12/19/2016,766,157.887375,789.789978,125.449997
12/20/2016,771.219971,157.760086,799.099976,125.120003
12/21/2016,770.599976,159.258362,829.210022,126.5
12/22/2016,766.340027,157.985275,860.150024,125.580002
12/23/2016,760.590027,158.220322,917.169983,125.589996
12/27/2016,771.400024,158.61203,925.780029,128.350006
12/28/2016,772.130005,157.906937,972.169983,125.889999
12/29/2016,765.150024,158.993942,971.080017,125.330002
12/30/2016,749.869995,155.938614,959.039978,123.800003
1/3/2017,753.669983,155.076874,1033.300049,127.489998
1/4/2017,757.179993,159.61087,1135.410034,129.410004
1/5/2017,780.450012,159.395432,989.349976,131.809998
1/6/2017,795.98999,160.100525,886.159973,131.070007
1/9/2017,796.919983,161.09938,899.780029,130.949997
1/10/2017,795.900024,162.910995,904.369995,129.889999
1/11/2017,799.02002,165.457123,785.429993,130.5
1/12/2017,813.640015,164.869553,810.109985,129.179993
1/13/2017,817.140015,163.694412,824.830017,133.699997
1/17/2017,809.719971,161.510635,899.659973,132.889999
1/18/2017,807.47998,162.13739,872.030029,133.259995
1/19/2017,809.039978,162.597656,895.210022,138.410004
1/20/2017,808.330017,164.389694,892.909973,138.600006
1/23/2017,817.880005,163.576874,921.460022,137.389999
1/24/2017,822.440002,165.995712,893.75,140.110001
1/25/2017,836.52002,167.033722,894.409973,139.520004
1/26/2017,839.150024,167.396057,915.559998,138.960007
1/27/2017,835.77002,168.453674,918.01001,142.449997
1/30/2017,830.380005,170.324066,920.72998,141.220001
1/31/2017,823.47998,170.921432,965.48999,140.710007
2/1/2017,832.349976,167.347107,982.429993,140.779999
2/2/2017,839.950012,171.283752,1003.969971,139.199997
2/3/2017,810.200012,172.243454,1013.02002,140.25
2/6/2017,807.640015,174.250931,1024.670044,140.970001
2/7/2017,812.5,179.166855,1049.560059,144
2/8/2017,819.710022,181.34082,1055.48999,144.740005
2/9/2017,821.359985,182.045914,978.960022,144.139999
2/10/2017,827.460022,182.506149,997.609985,144.820007
2/13/2017,836.530029,179.989456,995.359985,143.199997
2/14/2017,836.390015,181.076416,1008.340027,140.820007
2/15/2017,842.700012,182.085098,1008.190002,142.270004
2/16/2017,844.140015,182.241791,1031.930054,142.009995
2/17/2017,845.070007,184.033798,1049.410034,142.220001
2/21/2017,856.440002,185.003296,1119.030029,142.600006
2/22/2017,855.609985,179.206024,1120.459961,143.860001
2/23/2017,852.190002,182.437607,1171.910034,142.779999
2/24/2017,845.23999,182.41803,1176.48999,143.25
2/27/2017,848.640015,181.575851,1188.829956,143.410004
2/28/2017,845.039978,185.874832,1189.27002,142.130005
3/1/2017,853.080017,183.563782,1222.660034,142.649994
3/2/2017,848.909973,185.443954,1255.469971,139.529999
3/3/2017,849.880005,185.120804,1283.300049,139.139999
3/6/2017,846.609985,184.973938,1277.01001,141.940002
3/7/2017,846.02002,185.375412,1232.689941,141.429993
3/8/2017,850.5,184.454895,1146.969971,140.320007
3/9/2017,853,180.860992,1191.329956,140.529999
3/10/2017,852.460022,182.858704,1112.390015,140.889999
3/13/2017,854.590027,183.369202,1238.189941,143.520004
3/14/2017,852.530029,180.306305,1243.140015,143.190002
3/15/2017,852.969971,182.858719,1253.430054,145.25
3/16/2017,853.419983,182.220596,1172.880005,144.389999
3/17/2017,852.309998,181.445053,1071.709961,145.110001
3/20/2017,856.969971,180.325958,1047.51001,145.830002
3/21/2017,843.200012,180.649902,1121.290039,142.419998
3/22/2017,848.059998,180.757904,1044.719971,142.649994
3/23/2017,847.380005,180.973877,1035.030029,141.839996
3/24/2017,845.609985,179.599487,939.700012,142.020004
3/27/2017,846.820007,180.581192,1044.420044,144.059998
3/28/2017,856,181.553055,1041.900024,145.169998
3/29/2017,874.320007,179.422791,1037.910034,146.470001
3/30/2017,876.340027,180.738266,1079.109985,148.059998
3/31/2017,886.539978,180.924789,1086.119995,147.809998
4/3/2017,891.51001,182.819427,1141.77002,146.919998
4/4/2017,906.830017,182.947067,1129.869995,145.5
4/5/2017,909.280029,181.74942,1188.699951,143.619995
4/6/2017,898.280029,182.593628,1190.48999,143.740005
4/7/2017,894.880005,171.952179,1180.780029,143.110001
4/10/2017,907.039978,170.567978,1220.73999,143.850006
4/11/2017,902.359985,172.295761,1212.530029,144.350006
4/12/2017,896.22998,171.922729,1176.199951,143.830002
4/13/2017,884.669983,170.852661,1177.329956,142.919998
4/17/2017,901.98999,171.834366,1206.089966,147.25
4/18/2017,903.780029,173.395248,1215.199951,143.360001
4/19/2017,899.200012,172.492096,1238.089966,139.759995
4/20/2017,902.059998,173.67012,1249.640015,141.179993
4/21/2017,898.530029,176.016342,1240.890015,142.869995
4/24/2017,907.409973,177.282745,1264.310059,143.830002
4/25/2017,907.619995,177.282745,1286.630005,152.160004
4/26/2017,909.289978,177.645966,1332.910034,150.169998
4/27/2017,918.380005,182.151901,1329.619995,153.080002
4/28/2017,924.98999,178.068069,1336.280029,152.199997
5/1/2017,948.22998,178.823959,1445.930054,155.350006
5/2/2017,946.940002,181.032776,1485.550049,156.449997
5/3/2017,941.030029,183.644058,1516.76001,155.589996
5/4/2017,937.530029,186.903259,1507.77002,157.25
5/5/2017,934.150024,189.583282,1545.290039,156.600006
5/8/2017,949.039978,188.768448,1697.5,156.380005
5/9/2017,952.820007,191.782257,1752.310059,157.460007
5/10/2017,948.950012,192.086563,1819.290039,160.279999
5/11/2017,947.619995,191.801865,1686.390015,158.539993
5/12/2017,961.349976,191.703705,1763.73999,160.809998
5/15/2017,957.969971,192.92099,1729.339966,160.020004
5/16/2017,966.070007,192.636292,1801.300049,159.410004
5/17/2017,944.76001,187.953644,1880.98999,153.199997
5/18/2017,958.48999,191.144135,1962,155.699997
5/19/2017,959.840027,192.214157,2040.180054,157.020004
5/22/2017,970.669983,195.178864,2272.580078,157.160004
5/23/2017,971.539978,195.601013,2445.280029,157.949997
5/24/2017,980.349976,202.197937,2307.219971,157.75
5/25/2017,993.380005,204.229996,2244.889893,163.050003
5/26/2017,995.780029,203.258133,2052.429932,162.429993
5/30/2017,996.700012,204.671753,2303.340088,163.220001
5/31/2017,994.619995,207.842606,2412.649902,163.070007
6/1/2017,995.950012,211.396317,2492.600098,162.990005
6/2/2017,1006.72998,214.056686,2545.429932,165.179993
6/5/2017,1011.340027,213.124069,2870.5,165.059998
6/6/2017,1003,213.860352,2691.51001,165.169998
6/7/2017,1010.070007,214.154846,2798.780029,165.610001
6/8/2017,1010.27002,213.889801,2811.429932,165.880005
6/9/2017,978.309998,202.413895,2900.25,158.029999
6/12/2017,964.909973,200.332733,2712.98999,151.440002
6/13/2017,980.789978,205.045609,2467.27002,152.720001
6/14/2017,976.469971,207.170853,2442.459961,152.199997
6/15/2017,964.169983,206.186951,2508.580078,151.759995
6/16/2017,987.710022,207.44635,2655.100098,152.380005
6/19/2017,995.169983,212.257629,2754.379883,153.399994
6/20/2017,992.590027,211.568893,2677.620117,152.050003
6/21/2017,1002.22998,212.611847,2722.840088,155.029999
6/22/2017,1001.299988,214.579666,2710.370117,154.889999
6/23/2017,1003.73999,213.556412,2590.050049,158.020004
6/26/2017,993.97998,215.356934,2583.75,157.5
6/27/2017,976.780029,209.70932,2577.73999,151.029999
6/28/2017,990.330017,210.161942,2558.370117,153.410004
6/29/2017,975.929993,207.357788,2480.610107,150.089996
6/30/2017,968,208.125229,2424.610107,149.410004
7/3/2017,953.659973,206.541138,2617.320068,146.169998
7/5/2017,971.400024,204.68158,2614.23999,147.610001
7/6/2017,965.140015,205.4785,2513.879883,146.25
7/7/2017,978.76001,208.902542,2564.860107,150.179993
7/10/2017,996.469971,208.213791,2324.290039,152.669998
7/11/2017,994.130005,208.695923,2403.090088,154.330002
7/12/2017,1006.51001,210.102875,2362.439941,158.75
7/13/2017,1000.630005,207.062622,2234.169922,158.210007
7/14/2017,1001.809998,205.84259,1975.079956,161.119995
7/17/2017,1010.039978,204.898026,2320.22998,161.699997
7/18/2017,1024.449951,208.046509,2282.580078,183.600006
7/19/2017,1026.869995,209.099304,2866.02002,183.860001
7/20/2017,1028.699951,209.020584,2675.080078,183.600006
7/21/2017,1025.670044,209.78804,2836.530029,188.539993
7/24/2017,1038.949951,210.525955,2582.580078,187.910004
7/25/2017,1039.869995,189.303146,2559.209961,186.970001
7/26/2017,1052.800049,183.429214,2691.879883,189.080002
7/27/2017,1046,179.493607,2806.75,182.679993
7/28/2017,1020.039978,180.143005,2733.5,184.039993
7/31/2017,987.780029,183.498108,2746.98999,181.660004
8/1/2017,996.190002,183.448914,2720.530029,182.029999
8/2/2017,995.890015,189.253937,2809.98999,180.740005
8/3/2017,986.919983,195.039322,2878.48999,179.229996
8/4/2017,987.580017,193.622498,3262.800049,180.270004
8/7/2017,992.27002,192.284378,3429.379883,181.330002
8/8/2017,989.840027,189.047333,3348.790039,178.360001
8/9/2017,982.01001,190.710129,3425.669922,175.779999
8/10/2017,956.919983,189.431061,3654.370117,169.139999
8/11/2017,967.98999,189.755753,3871.620117,171.399994
8/14/2017,983.299988,190.788834,4161.660156,171
8/15/2017,982.73999,185.141251,4387.399902,168.5
8/16/2017,978.179993,184.649292,4278.919922,169.979996
8/17/2017,960.570007,185.229797,4105.370117,166.089996
8/18/2017,958.469971,185.623352,4150.450195,166.539993
8/21/2017,953.289978,186.430115,4089.699951,166.759995
8/22/2017,966.900024,185.967712,4141.089844,169.339996
8/23/2017,958,184.668976,4318.350098,169.059998
8/24/2017,952.450012,180.349625,4364.410156,168.130005
8/25/2017,945.26001,175.853195,4352.299805,165.949997
8/28/2017,946.02002,175.882706,4597.310059,167.119995
8/29/2017,954.059998,175.508835,4583.02002,168.809998
8/30/2017,967.590027,176.049942,4735.109863,174.690002
8/31/2017,980.599976,179.326355,4921.850098,174.710007
9/1/2017,978.25,180.634933,4573.799805,174.740005
9/5/2017,965.27002,179.562485,4618.709961,174.520004
9/6/2017,967.799988,179.69043,4635.600098,179.25
9/7/2017,979.469971,180.369308,4326.450195,179
9/8/2017,965.900024,183.429214,4335.129883,176.419998
9/11/2017,977.960022,185.97757,4158.919922,181.740005
9/12/2017,982.580017,186.863068,3870.290039,185.149994
9/13/2017,999.599976,185.515137,3243.080078,183.639999
9/14/2017,992.210022,187.310211,3713.76001,182.630005
9/15/2017,986.789978,192.014908,3698.919922,182.350006
9/18/2017,974.190002,192.942047,3907.959961,184.619995
9/19/2017,969.859985,193.247803,3882.159912,185.679993
9/20/2017,973.210022,194.875214,3617.27002,185.509995
9/21/2017,964.650024,195.328903,3600.830078,188.779999
9/22/2017,955.099976,194.510284,3788.02002,187.350006
9/25/2017,939.789978,190.772171,3892.699951,178.550003
9/26/2017,938.599976,190.663666,4212.200195,179.380005
9/27/2017,950.869995,194.14534,4195.649902,181.970001
9/28/2017,956.400024,194.342575,4172.790039,180.699997
9/29/2017,961.349976,195.831955,4360.620117,181.350006
10/2/2017,959.190002,197.252213,4314.180176,177.009995
10/3/2017,957.099976,200.033615,4218.660156,179.190002
10/4/2017,965.450012,198.879639,4321.439941,184.449997
10/5/2017,980.849976,203.199677,4371.939941,194.389999
10/6/2017,989.580017,202.578293,4435.810059,198.020004
10/9/2017,990.98999,202.982697,4763.359863,196.869995
10/10/2017,987.200012,206.572861,4824.200195,195.080002
10/11/2017,995,206.375595,5432.620117,194.949997
10/12/2017,1000.929993,198.277985,5637.259766,195.860001
10/13/2017,1002.940002,190.338165,5824.709961,199.490005
10/16/2017,1006.340027,190.545319,5598.580078,202.679993
10/17/2017,1009.130005,189.637894,5575.830078,199.479996
10/18/2017,997,185.219223,5698.649902,195.539993
10/19/2017,986.609985,183.572083,5993.109863,195.130005
10/20/2017,982.909973,183.562225,6006.649902,194.160004
10/23/2017,966.299988,180.129883,5513.080078,192.470001
10/24/2017,975.900024,181.323318,5734,196.020004
10/25/2017,972.909973,183.207169,5887.609863,193.770004
10/26/2017,972.429993,183.138107,5764.560059,195.210007
10/27/2017,1100.949951,182.151794,5726.609863,199.539993
10/30/2017,1110.849976,179.212585,6124.279785,198.369995
10/31/2017,1105.280029,180.494781,6451.240234,196.429993
11/1/2017,1103.680054,174.823502,6737.779785,198
11/2/2017,1094.219971,175.652008,7024.810059,199.320007
11/3/2017,1111.599976,175.504089,7152.120117,200.009995
11/6/2017,1120.660034,171.085403,6959.22998,200.130005
11/7/2017,1123.170044,167.771408,7102.75,195.889999
11/8/2017,1132.880005,166.400436,7444.359863,196.440002
11/9/2017,1129.130005,170.838837,7129.589844,193.899994
11/10/2017,1125.349976,170.957199,6565.799805,192.020004
11/13/2017,1129.170044,170.66127,6522.450195,195.080002
11/14/2017,1136.839966,173.25528,6597.060059,195.710007
11/15/2017,1126.689941,173.353912,7283.220215,192.119995
11/16/2017,1137.290039,175.040527,7853.680176,195.509995
11/17/2017,1129.880005,176.204361,7699.950195,193.199997
11/20/2017,1126.310059,175.33638,8244.69043,194.100006
11/21/2017,1139.48999,174.458588,8099.970215,196.229996
11/22/2017,1156.160034,174.133102,8234.549805,196.320007
11/24/2017,1186,174.912277,8200.799805,195.75
11/27/2017,1195.829956,172.13089,9733.200195,195.050003
11/28/2017,1193.599976,169.931412,9906.040039,199.179993
11/29/2017,1161.27002,176.717224,9837.860352,188.149994
11/30/2017,1176.75,183.611557,9946.759766,187.580002
12/1/2017,1162.349976,182.092621,10861.46973,186.820007
12/4/2017,1133.949951,185.051544,11623.91016,184.039993
12/5/2017,1141.569946,182.960571,11667.12988,184.210007
12/6/2017,1152.349976,178.68985,13749.57031,185.300003
12/7/2017,1159.790039,177.052567,16850.31055,185.199997
12/8/2017,1162,181.392334,16047.61035,188.539993
12/11/2017,1168.920044,178.482742,16732.4707,186.220001
12/12/2017,1165.079956,178.137512,17083.90039,185.729996
12/13/2017,1164.130005,178.038895,16286.82031,187.860001
12/14/2017,1174.26001,180.481323,16467.91016,189.559998
12/15/2017,1179.140015,182.973145,17604.84961,190.119995
12/18/2017,1190.579956,183.92244,18972.32031,190.419998
12/19/2017,1187.380005,184.970581,17523.69922,187.020004
12/20/2017,1177.619995,181.569,16461.9707,188.820007
12/21/2017,1174.76001,186.285736,15632.12012,188.619995
12/22/2017,1168.359985,190.715698,13664.96973,189.940002
12/26/2017,1176.76001,188.243607,15756.55957,187.759995
12/27/2017,1182.26001,188.441376,15416.63965,186.240005
12/28/2017,1186.099976,187.857971,14398.7002,192.710007
12/29/2017,1169.469971,186.84938,14392.57031,191.960007
1/2/2018,1189.01001,184.851913,14754.12988,201.070007
1/3/2018,1204.199951,189.519211,15156.62012,205.050003
1/4/2018,1209.589966,195.086334,15180.08008,205.630005
1/5/2018,1229.140015,198.062698,16954.7793,209.990005
1/8/2018,1246.869995,201.335724,14976.16992,212.050003
1/9/2018,1252.699951,204.401108,14468.5,209.309998
1/10/2018,1254.329956,197.855057,14919.49023,212.520004
1/11/2018,1276.680054,207.506042,13308.05957,217.240005
1/12/2018,1305.199951,208.791504,13841.19043,221.229996
1/16/2018,1304.859985,206.952286,11282.49023,221.529999
1/17/2018,1295,205.567917,11162.7002,217.5
1/18/2018,1293.319946,208.554184,11175.51953,220.330002
1/19/2018,1294.579956,211.1548,11521.75977,220.460007
1/22/2018,1327.310059,213.874069,10814.51953,227.580002
1/23/2018,1362.540039,217.117477,10858.23047,250.289993
1/24/2018,1357.51001,216.276962,11429.01953,261.299988
1/25/2018,1377.949951,216.880142,11175.87012,269.700012
1/26/2018,1402.050049,214.358627,11104.2002,274.600006
1/29/2018,1417.680054,212.924835,11233.9502,284.589996
1/30/2018,1437.819946,213.537888,10107.25977,278.799988
1/31/2018,1450.890015,214.427856,10226.86035,270.299988
2/1/2018,1390,216.227524,9114.719727,265.070007
2/2/2018,1429.949951,211.985443,8870.820313,267.429993
2/5/2018,1390,205.696457,6937.080078,254.259995
2/6/2018,1442.839966,206.131546,7701.25,265.720001
2/7/2018,1416.780029,208.949738,7592.720215,264.559998
2/8/2018,1350.5,196.35202,8260.69043,250.100006
2/9/2018,1339.599976,203.78804,8696.830078,249.470001
2/12/2018,1386.22998,209.503464,8911.269531,257.950012
2/13/2018,1414.51001,205.676697,8544.69043,258.269989
2/14/2018,1451.050049,207.436813,9485.639648,266
2/15/2018,1461.76001,215.268341,10033.75,280.269989
2/16/2018,1448.689941,218.274414,10188.73047,278.519989
2/20/2018,1468.349976,219.016006,11256.42969,278.549988
2/21/2018,1482.920044,227.955032,10481.66016,281.040009
2/22/2018,1485.339966,224.464478,9847.959961,278.140015
2/23/2018,1500,226.293793,10175.50977,285.929993
2/26/2018,1521.949951,225.473083,10326.5,294.160004
2/27/2018,1511.97998,223.940399,10594.75977,290.609985
2/28/2018,1512.449951,219.925751,10334.44043,291.380005
3/1/2018,1493.449951,220.331161,10929.37012,290.390015
3/2/2018,1500.25,220.608047,11043.12012,301.049988
3/5/2018,1523.609985,217.157013,11440.73047,315
3/6/2018,1537.640015,218.966568,10735.4502,325.220001
3/7/2018,1545,220.469604,9928.55957,321.160004
3/8/2018,1551.859985,220.291611,9316.719727,317
3/9/2018,1578.890015,227.688065,9252.759766,331.440002
3/12/2018,1598.390015,225.146744,9142.150391,321.299988
3/13/2018,1588.180054,223.87117,9160.120117,315.880005
3/14/2018,1591,224.674088,8217.700195,321.549988
3/15/2018,1582.319946,224.832687,8268.410156,321.089996
3/16/2018,1571.680054,227.776627,8283.230469,318.450012
3/19/2018,1544.930054,225.675217,8623.139648,313.480011
3/20/2018,1586.51001,229.560883,8920.709961,317.5
3/21/2018,1581.859985,226.260056,8911.349609,316.480011
3/22/2018,1544.920044,224.416351,8724.980469,306.700012
3/23/2018,1495.560059,224.664139,8934.799805,300.940002
3/26/2018,1555.859985,229.253601,7808.47998,320.350006
3/27/2018,1497.050049,229.550964,7959.779785,300.690002
3/28/2018,1431.420044,231.820892,7106.620117,285.769989
3/29/2018,1447.339966,231.513611,6853.759766,295.350006
4/2/2018,1371.98999,228.401123,7434.299805,280.290009
4/3/2018,1392.050049,231.424393,6815.5,283.670013
4/4/2018,1410.569946,229.422089,6790.450195,288.940002
4/5/2018,1451.75,233.724075,6634.859863,293.970001
4/6/2018,1405.22998,229.432007,6917.200195,288.850006
4/9/2018,1406.079956,230.393509,6871.069824,289.929993
4/10/2018,1436.219971,229.669907,6977.129883,298.070007
4/11/2018,1427.050049,228.976028,7927.72998,303.670013
4/12/2018,1448.5,229.451828,7899.109863,309.25
4/13/2018,1430.790039,228.302017,8022.509766,311.649994
4/16/2018,1441.5,230.314224,7921.629883,307.779999
4/17/2018,1503.829956,235.082077,8189.959961,336.059998
4/18/2018,1527.839966,236.103058,8301.820313,334.519989
4/19/2018,1556.910034,238.581146,8877.080078,332.700012
4/20/2018,1527.48999,236.836563,8935.719727,327.769989
4/23/2018,1517.859985,237.381729,9655.769531,318.690002
4/24/2018,1460.089966,229.788879,8873.620117,307.019989
4/25/2018,1460.170044,231.483871,9282.120117,305.76001
4/26/2018,1517.959961,248.414246,8938.469727,313.980011
4/27/2018,1572.619995,246.243408,9351.469727,311.76001
4/30/2018,1566.130005,239.612,9077.280273,312.459991
5/1/2018,1582.26001,245.509888,9232.19043,313.299988
5/2/2018,1569.680054,242.139694,9745.040039,313.359985
5/3/2018,1572.079956,243.676117,9699.610352,311.690002
5/4/2018,1580.949951,246.065002,9845.900391,320.089996
5/7/2018,1600.140015,248.305191,9196.129883,326.26001
5/8/2018,1592.390015,248.215988,9321.160156,326.890015
5/9/2018,1608,247.720367,9032.219727,330.299988
5/10/2018,1609.079956,247.532028,8421,329.600006
5/11/2018,1602.910034,247.720367,8486.669922,326.459991
5/14/2018,1601.540039,243.983398,8480.160156,328.529999
5/15/2018,1576.119995,244.934982,8344.780273,326.130005
5/16/2018,1587.280029,245.172867,8071.040039,328.190002
5/17/2018,1581.76001,244.389801,8247.910156,325.220001
5/18/2018,1574.369995,242.714615,8249.240234,324.179993
5/21/2018,1585.459961,246.193848,7992.75,331.820007
5/22/2018,1581.400024,246.035248,7505.77002,331.619995
5/23/2018,1601.859985,247.304047,7584.740234,344.720001
5/24/2018,1603.069946,250.029938,7475.359863,349.290009
5/25/2018,1610.150024,248.146591,7355.060059,351.290009
5/29/2018,1612.869995,243.646393,7393.02002,349.730011
5/30/2018,1624.890015,249.494675,7502.149902,353.540009
5/31/2018,1629.619995,249.276596,7530.549805,351.600006
6/1/2018,1641.540039,250.634613,7643.259766,359.929993
6/4/2018,1665.27002,253.152344,7629.399902,361.809998
6/5/2018,1696.349976,260.328918,7661.790039,365.799988
6/6/2018,1695.75,267.267609,7700.109863,367.450012
6/7/2018,1689.300049,269.656494,7627.52002,361.399994
6/8/2018,1683.98999,267.673981,7513.689941,360.570007
6/11/2018,1689.119995,267.406342,6556.939941,361.450012
6/12/2018,1698.75,270.806335,6310.430176,363.829987
6/13/2018,1704.859985,271.182953,6643.259766,379.929993
6/14/2018,1723.859985,271.798798,6396.709961,392.869995
6/15/2018,1715.969971,275.463837,6503.100098,391.980011
6/18/2018,1723.790039,279.824127,6741.279785,390.399994
6/19/2018,1734.780029,285.445862,6761.27002,404.980011
6/20/2018,1750.079956,285.952393,6720.640137,416.76001
6/21/2018,1730.219971,288.79303,6051.470215,415.440002
6/22/2018,1715.670044,290.412018,6166.540039,411.089996
6/25/2018,1663.150024,277.619141,6088.390137,384.480011
6/26/2018,1691.089966,281.194763,6141.569824,399.390015
6/27/2018,1660.51001,279.565887,5871.279785,390.390015
6/28/2018,1701.449951,280.181671,6203.799805,395.420013
6/29/2018,1699.800049,280.261169,6385.379883,391.429993
7/2/2018,1713.780029,279.09906,6509.580078,398.179993
7/3/2018,1693.959961,278.234924,6590.060059,390.519989
7/5/2018,1699.72998,275.861115,6602.02002,398.390015
7/6/2018,1710.630005,277.261566,6758.080078,408.25
7/9/2018,1739.02002,276.387512,6306.850098,418.970001
7/10/2018,1743.069946,270.547302,6394.359863,415.630005
7/11/2018,1755,277.768127,6253.600098,418.649994
7/12/2018,1796.619995,277.142395,6229.830078,413.5
7/13/2018,1813.030029,279.496338,6268.75,395.799988
7/16/2018,1822.48999,277.301331,7326.700195,400.480011
7/17/2018,1843.930054,280.13205,7383.390137,379.480011
7/18/2018,1842.920044,281.760925,7477.5,375.130005
7/19/2018,1812.969971,274.877808,7333.930176,364.230011
7/20/2018,1813.699951,275.294983,7405.399902,361.049988
7/23/2018,1802,269.911621,8395.820313,362.660004
7/24/2018,1829.23999,261.290344,8170.22998,357.320007
7/25/2018,1863.609985,260.42627,7937.25,362.869995
7/26/2018,1808,258.24115,8182.890137,363.089996
7/27/2018,1817.27002,258.936401,8230.870117,355.209991
7/30/2018,1779.219971,254.675415,7735.299805,334.959991
7/31/2018,1777.439941,260.883118,7610.899902,337.450012
8/1/2018,1797.170044,268.511169,7542.339844,338.380005
8/2/2018,1834.329956,274.877808,7417.600098,344.5
8/3/2018,1823.290039,277.609192,7017.890137,343.089996
8/6/2018,1847.75,278.244904,6723.209961,350.920013
8/7/2018,1862.47998,275.57309,6285.02002,351.829987
8/8/2018,1886.52002,284.979004,6543.240234,347.609985
8/9/2018,1898.52002,289.478394,6153.410156,349.359985
8/10/2018,1886.300049,289.339325,6242.540039,345.869995
8/13/2018,1896.199951,286.647675,6199.600098,341.309998
8/14/2018,1919.650024,285.565033,6274.220215,337.48999
8/15/2018,1882.619995,282.267456,6323.810059,326.399994
8/16/2018,1886.52002,285.773621,6591.160156,322.440002
8/17/2018,1882.219971,283.111725,6405.709961,316.779999
8/20/2018,1876.709961,282.823669,6491.109863,327.730011
8/21/2018,1883.420044,285.425964,6366.129883,338.019989
8/22/2018,1904.900024,289.567749,6538.950195,344.440002
8/23/2018,1902.900024,287.44223,6708.959961,339.170013
8/24/2018,1905.390015,295.934418,6749.560059,358.820007
8/27/2018,1927.680054,295.874817,7091.379883,364.579987
8/28/2018,1932.819946,297.404358,7052,368.48999
8/29/2018,1998.099976,298.606232,6998.759766,368.040009
8/30/2018,2002.380005,298.635986,7026.959961,370.980011
8/31/2018,2012.709961,296.540283,7203.459961,367.679993
9/4/2018,2039.51001,294.593536,6705.029785,363.600006
9/5/2018,1994.819946,287.849457,6515.419922,341.179993
9/6/2018,1958.310059,288.564606,6411.779785,346.459991
9/7/2018,1952.069946,292.080658,6200.160156,348.679993
9/10/2018,1939.01001,291.792603,6295.540039,348.410004
9/11/2018,1987.150024,284.68103,6337.109863,355.929993
9/12/2018,1990,283.310364,6492,369.950012
9/13/2018,1989.869995,283.459656,6486.009766,368.149994
9/14/2018,1970.189941,278.692841,6522.080078,364.559998
9/17/2018,1908.030029,273.269257,6346.439941,350.350006
9/18/2018,1941.050049,280.444336,6398.799805,367.649994
9/19/2018,1926.420044,278.115692,6505.899902,366.959991
9/20/2018,1944.300049,281.339966,6762.060059,365.359985
9/21/2018,1915.01001,284.832977,6716.600098,361.190002
9/24/2018,1934.359985,287.589508,6437.740234,369.609985
9/25/2018,1974.550049,289.380829,6462.600098,369.429993
9/26/2018,1974.849976,287.778625,6686.129883,377.880005
9/27/2018,2012.97998,292.027924,6635.379883,380.709991
9/28/2018,2003,293.371368,6603.75,374.130005
10/1/2018,2004.359985,284.136353,6525.470215,381.429993
10/2/2018,1971.310059,280.912079,6492.259766,377.140015
10/3/2018,1952.76001,284.614044,6579.790039,377.049988
10/4/2018,1909.420044,280.40451,6632.870117,363.649994
10/5/2018,1889.650024,281.539001,6589.939941,351.350006
10/8/2018,1864.420044,278.881927,6631.790039,349.100006
10/9/2018,1870.319946,282.802856,6581.069824,355.709991
10/10/2018,1755.25,273.587738,6209.470215,325.890015
10/11/2018,1719.359985,269.567291,6250.850098,321.100006
10/12/2018,1788.609985,275.996002,6267.27002,339.559998
10/15/2018,1760.949951,271.61734,6583.049805,333.130005
10/16/2018,1819.959961,258.371826,6574.52002,346.399994
10/17/2018,1831.72998,266.392761,6488.720215,364.700012
10/18/2018,1770.719971,265.089111,6469.279785,346.709991
10/19/2018,1764.030029,266.452484,6490.560059,332.670013
10/22/2018,1789.300049,266.452484,6470.220215,329.540009
10/23/2018,1768.699951,264.53186,6476.25,333.160004
10/24/2018,1664.199951,254.251892,6462.77002,301.829987
10/25/2018,1782.170044,260.501434,6457.209961,312.869995
10/26/2018,1642.810059,259.973999,6470.169922,299.829987
10/29/2018,1538.880005,255.247025,6313.910156,284.839996
10/30/2018,1530.420044,264.93985,6309.109863,285.809998
10/31/2018,1598.01001,267.487457,6342.609863,301.779999
11/1/2018,1665.530029,264.760712,6381.299805,317.380005
11/2/2018,1665.530029,264.014343,6394.660156,309.100006
11/5/2018,1627.800049,258.998779,6433.740234,315.440002
11/6/2018,1642.810059,262.282776,6479.720215,310.839996
11/7/2018,1755.48999,270.154449,6529.680176,327.5
11/8/2018,1754.910034,271.826294,6446.060059,317.920013
11/9/2018,1712.430054,273.020477,6377.990234,303.470001
11/12/2018,1636.849976,267.78598,6375.080078,294.070007
11/13/2018,1631.170044,263.427185,6339.169922,294.399994
11/14/2018,1599.01001,264.830383,5741.470215,286.730011
11/15/2018,1619.439941,258.361877,5647.5,290.059998
11/16/2018,1593.410034,263.337646,5586.27002,286.209991
11/19/2018,1512.290039,250.848465,4809.620117,270.600006
11/20/2018,1495.459961,253.983185,4441.810059,266.980011
11/21/2018,1516.72998,258.332001,4593.040039,262.130005
11/23/2018,1502.060059,261.227936,4343.419922,258.820007
11/26/2018,1581.329956,265.069214,3784.590088,261.429993
11/27/2018,1581.420044,267.278442,3822.98999,266.630005
11/28/2018,1677.75,272.473145,4263.549805,282.649994
11/29/2018,1673.569946,278.822235,4286.689941,288.75
11/30/2018,1690.170044,275.976105,4009.669922,286.130005
12/3/2018,1772.359985,275.020752,3871.409912,290.299988
12/4/2018,1668.400024,264.730835,3948.439941,275.329987
12/6/2018,1699.189941,265.109009,3485.179932,282.880005
12/7/2018,1629.130005,257.068176,3420.570068,265.140015
12/10/2018,1641.030029,253.973251,3467.159912,269.700012
12/11/2018,1643.23999,250.778793,3401.02002,265.320007
12/12/2018,1663.540039,248.470032,3485.590088,274.880005
12/13/2018,1658.380005,249.497314,3305.110107,276.019989
12/14/2018,1591.910034,248.350357,3235.47998,266.839996
12/17/2018,1520.910034,241.548431,3548.189941,262.799988
12/18/2018,1551.47998,244.001892,3715.850098,270.940002
12/19/2018,1495.079956,238.745865,3736.540039,266.769989
12/20/2018,1460.829956,234.766434,4137.660156,260.579987
12/21/2018,1377.449951,238.855576,3898.810059,246.389999
12/24/2018,1343.959961,233.729202,4081.949951,233.880005
12/26/2018,1470.900024,248.250626,3848.780029,253.669998
12/27/2018,1461.640015,247.811783,3646.090088,255.570007
12/28/2018,1478.02002,249.287857,3947.860107,256.079987
12/31/2018,1501.969971,247.333069,3747.389893,267.660004
1/2/2019,1539.130005,242.655487,3961.01001,267.660004
1/3/2019,1500.280029,239.055054,3835.860107,271.200012
1/4/2019,1575.390015,242.954697,3874.060059,297.570007
1/7/2019,1629.51001,245.777176,4050.399902,315.339996
1/8/2019,1656.579956,241.568375,4040.75,320.269989
1/9/2019,1659.420044,245.936768,4048.340088,319.959991
1/10/2019,1656.219971,245.537827,3668.149902,324.660004
1/11/2019,1640.560059,248.330414,3669.199951,337.589996
1/14/2019,1617.209961,243.523178,3703.899902,332.940002
1/15/2019,1674.560059,247.233322,3621.23999,354.640015
1/16/2019,1683.780029,246.196091,3643.98999,351.390015
1/17/2019,1693.219971,258.254059,3685.300049,353.190002
1/18/2019,1696.199951,266.751465,3648.050049,339.100006
1/22/2019,1632.170044,262.732147,3602.040039,325.160004
1/23/2019,1640.02002,272.436371,3572.050049,321.98999
1/24/2019,1654.930054,276.146545,3598.52002,326.670013
1/25/2019,1670.569946,283.407257,3582.889893,338.049988
1/28/2019,1637.890015,279.048828,3453.419922,335.660004
1/29/2019,1593.880005,274.121918,3418.25,328.899994
1/30/2019,1670.430054,276.32605,3467.209961,340.660004
1/31/2019,1718.72998,282.978394,3434.129883,339.5
2/1/2019,1626.22998,277.652527,3461.629883,339.850006
2/4/2019,1633.310059,280.325439,3431.23999,351.339996
2/5/2019,1658.810059,288.523651,3447.659912,355.809998
2/6/2019,1640.26001,287.12738,3394.889893,352.190002
2/7/2019,1614.369995,288.124725,3375.330078,344.709991
2/8/2019,1588.219971,289.391357,3660.030029,347.570007
2/11/2019,1591,294.078888,3611.340088,345.730011
2/12/2019,1638.01001,286.449158,3617.409912,359.970001
2/13/2019,1640,288.034943,3605.870117,351.769989
2/14/2019,1622.650024,286.41922,3588.719971,359.070007
2/15/2019,1607.949951,280.90387,3593.48999,356.869995
2/19/2019,1627.579956,278.490326,3924.23999,361.920013
2/20/2019,1622.099976,277.752258,3974.050049,359.910004
2/21/2019,1619.439941,252.339752,3937.040039,356.970001
2/22/2019,1631.560059,260.019348,3983.530029,363.019989
2/25/2019,1633,255.261993,3845.51001,363.910004
2/26/2019,1636.400024,252.140289,3817.879883,364.970001
2/27/2019,1641.089966,251.84108,3830.719971,362.869995
2/28/2019,1639.829956,250.275238,3823.370117,358.100006
3/1/2019,1671.72998,250.065796,3831.47998,357.320007
3/4/2019,1696.170044,247.91153,3731.280029,351.040009
3/5/2019,1692.430054,248.66951,3874.179932,354.299988
3/6/2019,1668.949951,247.941452,3874.97998,359.609985
3/7/2019,1625.949951,247.283188,3882.610107,352.600006
3/8/2019,1620.800049,249.856354,3868.02002,349.600006
3/11/2019,1670.619995,246.335709,3874.889893,358.859985
3/12/2019,1673.099976,239.364227,3888.570068,356.269989
3/13/2019,1690.810059,244.719986,3878.439941,361.209991
3/14/2019,1686.219971,247.25,3881.439941,358.820007
3/15/2019,1712.359985,244.270004,3927.080078,361.459991
3/18/2019,1742.150024,243.410004,3988.850098,363.440002
3/19/2019,1761.849976,248.759995,4024.139893,358.779999
3/20/2019,1797.27002,243.940002,4056.75,375.220001
3/21/2019,1819.26001,245.050003,3996.929932,377.869995
3/22/2019,1764.77002,239.25,4000.840088,361.01001
3/25/2019,1774.26001,242.559998,3924.550049,366.230011
3/26/2019,1783.76001,245.399994,3942.219971,359.970001
3/27/2019,1765.699951,247.580002,4045.97998,353.369995
3/28/2019,1773.420044,253.919998,4036.449951,354.609985
3/29/2019,1780.75,258.100006,4111.379883,356.559998
4/1/2019,1814.189941,249.449997,4906.930176,366.959991
4/2/2019,1813.97998,245.220001,4976.589844,367.720001
4/3/2019,1820.699951,253.110001,4913.359863,369.75
4/4/2019,1818.859985,248.940002,5047.22998,367.880005
4/5/2019,1837.280029,254.559998,5057.25,365.48999
4/8/2019,1849.859985,247.5,5201.299805,361.410004
4/9/2019,1835.839966,247.830002,5318.600098,364.709991
4/10/2019,1847.329956,248.940002,5048.560059,363.920013
4/11/2019,1844.069946,255.550003,5081.5,367.649994
4/12/2019,1843.060059,257.609985,5080.660156,351.140015
4/15/2019,1844.869995,258.899994,5212.810059,348.869995
4/16/2019,1863.040039,255.339996,5236.259766,359.459991
4/17/2019,1864.819946,265.25,5289.75,354.73999
4/18/2019,1861.689941,267.609985,5295.529785,360.350006
4/22/2019,1887.310059,266,5539.100098,377.339996
4/23/2019,1923.77002,270.200012,5454.580078,381.890015
4/24/2019,1901.75,283.420013,5162.669922,374.230011
4/25/2019,1902.25,276.450012,5234.089844,368.329987
4/26/2019,1950.630005,273.429993,5229.47998,374.850006
4/29/2019,1938.430054,268.869995,5350.640137,371.829987
4/30/2019,1926.52002,270.579987,5389.540039,370.540009
5/1/2019,1911.52002,271.459991,5500.720215,378.809998
5/2/2019,1900.819946,274.320007,5753.379883,379.059998
5/3/2019,1962.459961,279.75,5840.080078,385.029999
5/6/2019,1950.550049,282.019989,5819.569824,378.670013
5/7/2019,1921,277.390015,5998.709961,370.459991
5/8/2019,1917.77002,283.149994,6171.959961,364.369995
5/9/2019,1899.869995,282.160004,6358.290039,362.75
5/10/2019,1889.97998,278.369995,7191.359863,361.040009
5/13/2019,1822.680054,273.880005,7980.129883,345.26001
5/14/2019,1840.119995,272.859985,8183.830078,345.609985
